<?xml version="1.0" encoding="UTF-8"?>
     <atom:feed cacheye:version="1.1"
           xmlns:cacheye="http://www.cacheye.org/1/1"
           xmlns:atom="http://www.w3.org/2005/Atom"
           xmlns:georss="http://www.georss.org/georss">
     <atom:title>Caches unavailable</atom:title>
     <atom:link/>
     <atom:description>
     Caches
     </atom:description>
    <atom:mappointIntlCode>cht</atom:mappointIntlCode>
    <atom:updated>2012-06-12T20:37:24</atom:updated>
    </atom:feed>
